ID,Name,Username,Email,Address,Phone,Website,Company
1,Leanne Graham,Bret,Sincere@april.biz,"Kulas Light, Apt. 556, Gwenborough, 92998-3874",1-770-736-8031 x56442,hildegard.org,Romaguera-Crona
2,Ervin Howell,Antonette,Shanna@melissa.tv,"Victor Plains, Suite 879, Wisokyburgh, 90566-7771",010-692-6593 x09125,anastasia.net,Deckow-Crist
3,Clementine Bauch,Samantha,Nathan@yesenia.net,"Douglas Extension, Suite 847, McKenziehaven, 59590-4157",1-463-123-4447,ramiro.info,Romaguera-Jacobson
4,Patricia Lebsack,Karianne,Julianne.OConner@kory.org,"Hoeger Mall, Apt. 692, South Elvis, 53919-4257",493-170-9623 x156,kale.biz,Robel-Corkery
5,Chelsey Dietrich,Kamren,Lucio_Hettinger@annie.ca,"Skiles Walks, Suite 351, Roscoeview, 33263",(254)954-1289,demarco.info,Keebler LLC
6,Mrs. Dennis Schulist,Leopoldo_Corkery,Karley_Dach@jasper.info,"Norberto Crossing, Apt. 950, South Christy, 23505-1337",1-477-935-8478 x6430,ola.org,Considine-Lockman
7,Kurtis Weissnat,Elwyn.Skiles,Telly.Hoeger@billy.biz,"Rex Trail, Suite 280, Howemouth, 58804-1099",210.067.6132,elvis.io,Johns Group
8,Nicholas Runolfsdottir V,Maxime_Nienow,Sherwood@rosamond.me,"Ellsworth Summit, Suite 729, Aliyaview, 45169",586.493.6943 x140,jacynthe.com,Abernathy Group
9,Glenna Reichert,Delphine,Chaim_McDermott@dana.io,"Dayna Park, Suite 449, Bartholomebury, 76495-3109",(775)976-6794 x41206,conrad.com,Yost and Sons
10,Clementina DuBuque,Moriah.Stanton,Rey.Padberg@karina.biz,"Kattie Turnpike, Suite 198, Lebsackbury, 31428-2261",024-648-3804,ambrose.net,Hoeger LLC
